word,Column_2
ATOM                     ,0.761555236
CHERRY                   ,0.756440841
SUPPER                   ,0.825837417
INSTANCE                 ,0.540939644
LESSON                   ,0.797288055
