word,alignment_f1,precision_llm_to_human,recall_human_to_llm
anchor,0.643061520122791,0.6203629970550537,0.6674841642379761
apple,0.7031258807359453,0.7107477188110352,0.6956657767295837
apron,0.5607208161904091,0.5091137886047363,0.6239704489707947
cherry,0.6058421693829646,0.5617263317108154,0.6574779748916626
sofa,0.6004089552056934,0.5695449709892273,0.634809672832489
